N,Layout,Algorithm,Type,Repetition_ID,Run_Type,Perf_IPC,Perf_L1-dcache-load-misses,Perf_branch-misses,Perf_branches,Perf_cycles,Perf_dTLB-load-misses,Perf_instructions,Perf_task-clock,Gprof_Runtime_Mean_s,Gprof_Runtime_s
32000,array,insertion,int,1,Individual,3.7588284101429936,12152466.0,40649.0,40649.0,1523459041.0,560.0,5726421125.0,350555908.0,,0.34532737731933594
32000,array,insertion,int,2,Individual,3.7731564642376663,12036799.0,41222.0,41222.0,1520048706.0,153.0,5735381601.0,349159583.0,,0.3452577590942383
32000,array,insertion,int,3,Individual,3.7212682225978444,12147300.0,41178.0,41178.0,1538694235.0,795.0,5725893961.0,356668856.0,,0.3492467403411865
32000,array,insertion,int,4,Individual,3.6979980371871504,12265203.0,41425.0,41425.0,1550044876.0,783.0,5732062909.0,361587973.0,,0.3529074192047119
32000,array,insertion,int,5,Individual,3.7506316246960214,12199135.0,41356.0,41356.0,1527069407.0,270.0,5727474811.0,350010847.0,,0.3548429012298584
32000,array,insertion,int,AVG,Mean,3.7403765517723357,12160180.6,41166.0,41166.0,1531863253.0,512.2,5729446881.4,353596633.4,0.3495164394378662,
32000,array,insertion,double,1,Individual,4.228405091180557,29349850.0,75350.0,75350.0,1349870020.0,907.0,5707797265.0,310365545.0,,0.3197205066680908
32000,array,insertion,double,2,Individual,4.252269764502981,29286707.0,73794.0,73794.0,1343596878.0,710.0,5713336380.0,311049715.0,,0.31307315826416016
32000,array,insertion,double,3,Individual,4.20915485170982,29308683.0,80228.0,80228.0,1354293351.0,815.0,5700430429.0,315369705.0,,0.3155639171600342
32000,array,insertion,double,4,Individual,4.2400885314543695,29211108.0,74321.0,74321.0,1347793966.0,868.0,5714765738.0,314892844.0,,0.30829644203186035
32000,array,insertion,double,5,Individual,4.259331579595461,29323106.0,74590.0,74590.0,1343628013.0,754.0,5722957227.0,313904869.0,,0.30962443351745605
32000,array,insertion,double,AVG,Mean,4.237849963688637,29295890.8,75656.6,75656.6,1347836445.6,810.8,5711857407.8,313116535.6,0.31325569152832033,
32000,array,bubble,int,1,Individual,2.9722551786217632,29199450.0,47638127.0,47638127.0,5117239144.0,1731.0,15209740546.0,1173087646.0,,1.1568934917449951
32000,array,bubble,int,2,Individual,2.991737107970221,29182243.0,47513841.0,47513841.0,5085118606.0,1650.0,15213338032.0,1170385398.0,,1.1500608921051025
32000,array,bubble,int,3,Individual,2.9770253081508287,29382132.0,47702920.0,47702920.0,5112496558.0,1960.0,15220031641.0,1175117100.0,,1.1509301662445068
32000,array,bubble,int,4,Individual,2.9929119885498126,29355612.0,47622483.0,47622483.0,5081284822.0,460.0,15207838261.0,1161958393.0,,1.153163194656372
32000,array,bubble,int,5,Individual,2.9879956636268776,29279540.0,47740684.0,47740684.0,5090373770.0,315.0,15210014751.0,1157101306.0,,1.152463674545288
32000,array,bubble,int,AVG,Mean,2.9843850493839006,29279795.4,47643611.0,47643611.0,5097302580.0,1223.2,15212192646.2,1167529968.6,1.1527022838592529,
32000,array,bubble,double,1,Individual,2.1903008279519938,62590956.0,66915161.0,66915161.0,6928600139.0,658.0,15175718621.0,1584184740.0,,1.5554769039154053
32000,array,bubble,double,2,Individual,2.192355788011634,62539364.0,66833074.0,66833074.0,6921229877.0,757.0,15173798381.0,1581406089.0,,1.5679843425750732
32000,array,bubble,double,3,Individual,2.1873717545003144,63120786.0,66929187.0,66929187.0,6937315069.0,497.0,15174487034.0,1583029856.0,,1.5599472522735596
32000,array,bubble,double,4,Individual,2.190618793309891,62553901.0,66963947.0,66963947.0,6933922186.0,1581.0,15189580252.0,1585781144.0,,1.5713560581207275
32000,array,bubble,double,5,Individual,2.1935585142051672,62593166.0,66860262.0,66860262.0,6922416725.0,698.0,15184726146.0,1580509638.0,,1.5623040199279785
32000,array,bubble,double,AVG,Mean,2.1908411355957997,62679634.6,66900326.2,66900326.2,6928696799.2,838.2,15179662086.8,1582982293.4,1.563413715362549,
32000,array,merge,int,1,Individual,1.9996269495670302,39473.0,209869.0,209869.0,23776946.0,213.0,47545022.0,5964896.0,,0.006219387054443359
32000,array,merge,int,2,Individual,2.446177338850561,38727.0,226794.0,226794.0,21234095.0,274.0,51942362.0,6449536.0,,0.007215261459350586
32000,array,merge,int,3,Individual,2.0881832245400394,49688.0,213536.0,213536.0,26073145.0,395.0,54445504.0,7053888.0,,0.006155252456665039
32000,array,merge,int,4,Individual,1.9435114695528675,41118.0,207242.0,207242.0,24209357.0,472.0,47051163.0,6898887.0,,0.006398677825927734
32000,array,merge,int,5,Individual,2.131167702918922,32029.0,209636.0,209636.0,23501517.0,197.0,50085674.0,6042812.0,,0.005721330642700195
32000,array,merge,int,AVG,Mean,2.121733337085884,40207.0,213415.4,213415.4,23759012.0,310.2,50213945.0,6482003.8,0.006341981887817383,
32000,array,merge,double,1,Individual,2.5604861860456842,87019.0,272689.0,272689.0,34064902.0,387.0,87222711.0,8355378.0,,0.009248733520507812
32000,array,merge,double,2,Individual,2.8375437811296256,96425.0,303770.0,303770.0,33282604.0,482.0,94440846.0,10038826.0,,0.00981903076171875
32000,array,merge,double,3,Individual,2.561707799810497,99509.0,311722.0,311722.0,32780540.0,489.0,83974165.0,9660496.0,,0.010684728622436523
32000,array,merge,double,4,Individual,2.5719402693118867,92390.0,280371.0,280371.0,32677206.0,529.0,84043822.0,9570267.0,,0.009788036346435547
32000,array,merge,double,5,Individual,2.825269412594284,100000.0,301779.0,301779.0,34065501.0,645.0,96244218.0,9332892.0,,0.009241342544555664
32000,array,merge,double,AVG,Mean,2.6713894897783956,95068.6,294066.2,294066.2,33374150.6,506.4,89185152.4,9391571.8,0.009756374359130859,
32000,list,insertion,int,1,Individual,0.49095528076302763,244037767.0,41379.0,41379.0,7287418191.0,1774.0,3577796444.0,1625260669.0,,1.5746686458587646
32000,list,insertion,int,2,Individual,0.48915004298271064,243801415.0,41889.0,41889.0,7292123865.0,1708.0,3566942702.0,1627557267.0,,1.5645778179168701
32000,list,insertion,int,3,Individual,0.49635617859937253,244126843.0,42097.0,42097.0,7183099862.0,1198.0,3565375998.0,1597901115.0,,1.552459716796875
32000,list,insertion,int,4,Individual,0.4941274231165785,244362202.0,44046.0,44046.0,7218636953.0,1523.0,3566926476.0,1607341999.0,,1.597876787185669
32000,list,insertion,int,5,Individual,0.5025323566770837,243995658.0,43952.0,43952.0,7097602665.0,2420.0,3566774994.0,1585650861.0,,1.591160774230957
32000,list,insertion,int,AVG,Mean,0.49462425642775465,244064777.0,42672.6,42672.6,7215776307.2,1724.6,3568763322.8,1608742382.2,1.5761487483978271,
32000,list,insertion,double,1,Individual,0.5046113511262006,247663656.0,78082.0,78082.0,7221576516.0,3633.0,3644089483.0,1614476873.0,,1.6132450103759766
32000,list,insertion,double,2,Individual,0.49787695294355355,247176706.0,78018.0,78018.0,7313475202.0,3519.0,3641210749.0,1632875982.0,,1.604426622390747
32000,list,insertion,double,3,Individual,0.49080538924483275,248493253.0,79223.0,79223.0,7415101826.0,2354.0,3639371938.0,1654600411.0,,1.6174287796020508
32000,list,insertion,double,4,Individual,0.5091584338838115,248185593.0,77328.0,77328.0,7150291123.0,1586.0,3640631030.0,1598554908.0,,1.6075658798217773
32000,list,insertion,double,5,Individual,0.4950601478138382,248367520.0,78510.0,78510.0,7349957576.0,2564.0,3638671084.0,1638893477.0,,1.5775299072265625
32000,list,insertion,double,AVG,Mean,0.4995024550024473,247977345.6,78232.2,78232.2,7290080448.6,2731.2,3640794856.8,1627880330.2,1.604039239883423,
32000,list,bubble,int,1,Individual,2.0727586599344288,509139924.0,31904362.0,31904362.0,9502508411.0,73141.0,19696406600.0,2147149864.0,,2.1259493827819824
32000,list,bubble,int,2,Individual,2.070327417298983,509271970.0,32368252.0,32368252.0,9517666903.0,40398.0,19704686738.0,2151153470.0,,2.128483295440674
32000,list,bubble,int,3,Individual,2.081786830579426,509200313.0,32171306.0,32171306.0,9460943547.0,71731.0,19695667681.0,2135042823.0,,2.133551597595215
32000,list,bubble,int,4,Individual,2.076090872632897,509539824.0,32010745.0,32010745.0,9486623954.0,39837.0,19695093403.0,2141119185.0,,2.1384294033050537
32000,list,bubble,int,5,Individual,2.075279999085651,509550826.0,31956159.0,31956159.0,9487405535.0,39777.0,19689022950.0,2137385132.0,,2.1238081455230713
32000,list,bubble,int,AVG,Mean,2.0752487559062773,509340571.4,32082164.8,32082164.8,9491029670.0,52976.8,19696175474.4,2142370094.8,2.130044364929199,
32000,list,bubble,double,1,Individual,1.6213971808288958,507257744.0,68518367.0,68518367.0,12103338158.0,43510.0,19624318368.0,2735011310.0,,2.742952823638916
32000,list,bubble,double,2,Individual,1.6905094291578353,507199164.0,55383497.0,55383497.0,11609315955.0,75712.0,19625658088.0,2628083326.0,,2.7132604122161865
32000,list,bubble,double,3,Individual,1.6217655141868166,507152956.0,68332346.0,68332346.0,12100952017.0,77128.0,19624906670.0,2723477802.0,,2.712658643722534
32000,list,bubble,double,4,Individual,1.6209606502740002,507296296.0,68485545.0,68485545.0,12104602304.0,76309.0,19621084022.0,2721925459.0,,2.684187889099121
32000,list,bubble,double,5,Individual,1.616436761159082,507320636.0,68649674.0,68649674.0,12138869773.0,79786.0,19621715340.0,2729942911.0,,2.702200174331665
32000,list,bubble,double,AVG,Mean,1.634213907121326,507245359.2,65873885.8,65873885.8,12011415641.4,70489.0,19623536497.6,2707688161.6,2.7110519886016844,
32000,list,merge,int,1,Individual,1.7902599411303652,731457.0,349442.0,349442.0,42154160.0,1756.0,75466904.0,11077143.0,,0.01096487045288086
32000,list,merge,int,2,Individual,1.6998886028755107,647553.0,361155.0,361155.0,43373651.0,2099.0,73730375.0,11301444.0,,0.011483430862426758
32000,list,merge,int,3,Individual,1.759941896731255,638763.0,348355.0,348355.0,44033323.0,2148.0,77496090.0,11941154.0,,0.012289762496948242
32000,list,merge,int,4,Individual,1.9509835464971415,713493.0,391997.0,391997.0,37781742.0,1626.0,73711557.0,10745450.0,,0.011358976364135742
32000,list,merge,int,5,Individual,1.888554753394263,672345.0,390043.0,390043.0,38495029.0,1857.0,72699970.0,11596216.0,,0.011587381362915039
32000,list,merge,int,AVG,Mean,1.8179257481257072,680722.2,368198.4,368198.4,41167581.0,1897.2,74620979.2,11332281.4,0.011536884307861327,
32000,list,merge,double,1,Individual,2.1772999699101523,788094.0,439450.0,439450.0,50631695.0,1455.0,110240388.0,13535654.0,,0.013604402542114258
32000,list,merge,double,2,Individual,2.1746256758040614,820939.0,467825.0,467825.0,52491731.0,1984.0,114149866.0,14093740.0,,0.013998746871948242
32000,list,merge,double,3,Individual,2.5309254891168425,786656.0,430987.0,430987.0,51626928.0,1898.0,130663908.0,14340914.0,,0.015056371688842773
32000,list,merge,double,4,Individual,2.180401428525413,713375.0,441188.0,441188.0,51721586.0,1126.0,112773820.0,13190356.0,,0.014325618743896484
32000,list,merge,double,5,Individual,2.2787312600854728,782230.0,436774.0,436774.0,50984224.0,1725.0,116179345.0,14720095.0,,0.015160083770751953
32000,list,merge,double,AVG,Mean,2.2683967646883887,778258.8,443244.8,443244.8,51491232.8,1637.6,116801465.4,13976151.8,0.014429044723510743,
64000,array,insertion,int,1,Individual,3.7670918314569,59021662.0,77027.0,77027.0,5997693738.0,1163.0,22593863088.0,1367524446.0,,1.3776378631591797
64000,array,insertion,int,2,Individual,3.7412348689718002,59360053.0,77936.0,77936.0,6039914558.0,1739.0,22596738950.0,1381920632.0,,1.3667142391204834
64000,array,insertion,int,3,Individual,3.720902708090447,58817612.0,78173.0,78173.0,6063046092.0,2159.0,22560004623.0,1390232297.0,,1.3456921577453613
64000,array,insertion,int,4,Individual,3.7819691591387166,58496772.0,77185.0,77185.0,5972590010.0,1038.0,22588151218.0,1361590347.0,,1.3386573791503906
64000,array,insertion,int,5,Individual,3.773782575740135,58625623.0,76907.0,76907.0,5988612590.0,1611.0,22599721845.0,1372390462.0,,1.3521604537963867
64000,array,insertion,int,AVG,Mean,3.7569962286795997,58864344.4,77445.6,77445.6,6012371397.6,1542.0,22587695944.8,1374731636.8,1.3561724185943604,
64000,array,insertion,double,1,Individual,4.2367891396475805,124595436.0,154633.0,154633.0,5346771169.0,1660.0,22653142021.0,1266294257.0,,1.2352283000946045
64000,array,insertion,double,2,Individual,4.206336012000062,124946480.0,154223.0,154223.0,5377540194.0,1574.0,22619740974.0,1274973173.0,,1.2417066097259521
64000,array,insertion,double,3,Individual,4.2329121159191025,124974176.0,153552.0,153552.0,5346780682.0,1363.0,22632452730.0,1265498103.0,,1.2187130451202393
64000,array,insertion,double,4,Individual,4.254546773205316,124464243.0,153427.0,153427.0,5318416085.0,1299.0,22627449993.0,1262711378.0,,1.23854660987854
64000,array,insertion,double,5,Individual,4.246592815022179,124658222.0,153346.0,153346.0,5329362617.0,1150.0,22631632998.0,1267334235.0,,1.2286193370819092
64000,array,insertion,double,AVG,Mean,4.235435371158848,124727711.4,153836.2,153836.2,5343774149.4,1409.2,22632883743.2,1267362229.2,1.232562780380249,
64000,array,bubble,int,1,Individual,2.2630725004171013,125459491.0,429698184.0,429698184.0,26715466082.0,5132.0,60459036626.0,6065645246.0,,6.063313722610474
64000,array,bubble,int,2,Individual,2.254379543467584,126834346.0,429625378.0,429625378.0,26821899159.0,4373.0,60466740781.0,6083821512.0,,6.0641889572143555
64000,array,bubble,int,3,Individual,2.2628537499399153,125402793.0,429596001.0,429596001.0,26723329698.0,5205.0,60470986818.0,6082943829.0,,6.088076591491699
64000,array,bubble,int,4,Individual,2.2613497200054207,125250485.0,429496750.0,429496750.0,26739581228.0,1514.0,60467544523.0,6061493470.0,,6.006229639053345
64000,array,bubble,int,5,Individual,2.257578660377728,126635739.0,429745219.0,429745219.0,26786621465.0,3664.0,60472905003.0,6050169095.0,,5.981503486633301
64000,array,bubble,int,AVG,Mean,2.2598468348415497,125916570.8,429632306.4,429632306.4,26757379526.4,3977.6,60467442750.2,6068814630.4,6.040662479400635,
64000,array,bubble,double,1,Individual,1.7089380068401654,254803767.0,454591563.0,454591563.0,35400990865.0,2158.0,60498098769.0,7953180089.0,,7.892074108123779
64000,array,bubble,double,2,Individual,1.7103023391485332,254665206.0,454582816.0,454582816.0,35372071172.0,3001.0,60496936066.0,7952360754.0,,7.883317232131958
64000,array,bubble,double,3,Individual,1.7082248056665712,256291642.0,454635913.0,454635913.0,35412888925.0,1844.0,60493175302.0,7937027181.0,,7.862653732299805
64000,array,bubble,double,4,Individual,1.7098333938914108,254972473.0,454626249.0,454626249.0,35399051451.0,2026.0,60526480283.0,7944396013.0,,7.884835958480835
64000,array,bubble,double,5,Individual,1.7093172567418469,254743172.0,454668727.0,454668727.0,35397839014.0,2772.0,60506137078.0,7924697133.0,,7.857456922531128
64000,array,bubble,double,AVG,Mean,1.7093231604577057,255095252.0,454621053.6,454621053.6,35396568285.4,2360.2,60504165499.6,7942332234.0,7.876067590713501,
64000,array,merge,int,1,Individual,2.3731468771344377,64744.0,506792.0,506792.0,46282684.0,533.0,109835607.0,11041056.0,,0.012685537338256836
64000,array,merge,int,2,Individual,2.323696596252181,64978.0,520576.0,520576.0,47243688.0,484.0,109779997.0,11218769.0,,0.013215303421020508
64000,array,merge,int,3,Individual,2.3119091011271284,88726.0,494693.0,494693.0,47927723.0,433.0,110804539.0,12200009.0,,0.012362957000732422
64000,array,merge,int,4,Individual,2.429044105929708,82563.0,501299.0,501299.0,44177824.0,402.0,107309883.0,12346975.0,,0.011974096298217773
64000,array,merge,int,5,Individual,2.6295781684308945,62117.0,496704.0,496704.0,44608942.0,451.0,117302700.0,11541714.0,,0.012589454650878906
64000,array,merge,int,AVG,Mean,2.41347496977487,72625.6,504012.8,504012.8,46048172.2,460.6,111006545.2,11669704.6,0.01256546974182129,
64000,array,merge,double,1,Individual,2.4058867014841643,223039.0,582455.0,582455.0,74385970.0,1069.0,178964216.0,18399796.0,,0.01744842529296875
64000,array,merge,double,2,Individual,2.4096043036730426,236746.0,558537.0,558537.0,71111350.0,833.0,171350215.0,17716935.0,,0.01817464828491211
64000,array,merge,double,3,Individual,2.291961359549433,211387.0,555980.0,555980.0,74155450.0,1094.0,169961426.0,19005110.0,,0.01852893829345703
64000,array,merge,double,4,Individual,2.4288609464346913,186680.0,562135.0,562135.0,72853141.0,970.0,176950149.0,17896291.0,,0.01885223388671875
64000,array,merge,double,5,Individual,2.496099847338417,274706.0,564462.0,564462.0,70897994.0,901.0,176968472.0,16868956.0,,0.018398046493530273
64000,array,merge,double,AVG,Mean,2.40648263169595,226511.6,564713.8,564713.8,72680781.0,973.4,174838895.6,17977417.6,0.018280458450317384,
64000,list,insertion,int,1,Individual,0.3525656115394775,1008030948.0,88792.0,88792.0,40846472074.0,5001.0,14401061406.0,8927528380.0,,8.886008024215698
64000,list,insertion,int,2,Individual,0.3505515859645154,1007572560.0,87935.0,87935.0,41087522903.0,5981.0,14403296317.0,8942988908.0,,8.844901323318481
64000,list,insertion,int,3,Individual,0.35108160258225907,1008032527.0,88412.0,88412.0,41032456355.0,4069.0,14405740535.0,8927267706.0,,8.93934965133667
64000,list,insertion,int,4,Individual,0.35007140282752625,1007699407.0,89625.0,89625.0,41127766949.0,6610.0,14397655071.0,9007894065.0,,9.186037302017212
64000,list,insertion,int,5,Individual,0.34844890634100056,1007870401.0,89112.0,89112.0,41331767510.0,5278.0,14402009186.0,9202549970.0,,8.960654735565186
64000,list,insertion,int,AVG,Mean,0.35054382185095573,1007841168.6,88775.2,88775.2,41085197158.2,5387.8,14401952503.0,9001645805.8,8.963390207290649,
64000,list,insertion,double,1,Individual,0.35097450911581557,1009184619.0,166198.0,166198.0,41265981454.0,9168.0,14483307584.0,9136214325.0,,9.0114586353302
64000,list,insertion,double,2,Individual,0.3507498717864766,1011086745.0,157335.0,157335.0,41300820765.0,4136.0,14486257588.0,8995682146.0,,8.896072387695312
64000,list,insertion,double,3,Individual,0.34993219389442776,1008780863.0,160528.0,160528.0,41389078112.0,7681.0,14483370907.0,9022600746.0,,8.95833706855774
64000,list,insertion,double,4,Individual,0.35054110200069183,1008832518.0,160976.0,160976.0,41330908445.0,4288.0,14488182193.0,8987959269.0,,8.88267183303833
64000,list,insertion,double,5,Individual,0.3505935139585605,1009618347.0,158070.0,158070.0,41327732223.0,3340.0,14489234864.0,8999498742.0,,8.880267858505249
64000,list,insertion,double,AVG,Mean,0.35055823815119447,1009500618.4,160621.4,160621.4,41322904199.8,5722.6,14486070627.2,9028391045.6,8.925761556625366,
64000,list,bubble,int,1,Individual,1.7022040328143733,2041771766.0,404338214.0,404338214.0,46223097059.0,167818.0,78681142223.0,10259386946.0,,10.206171035766602
64000,list,bubble,int,2,Individual,1.6948362748319699,2041936211.0,404290118.0,404290118.0,46438617877.0,181452.0,78705854131.0,10329699448.0,,10.25142788887024
64000,list,bubble,int,3,Individual,1.7021507052722729,2041710231.0,404117801.0,404117801.0,46227507591.0,179083.0,78686184649.0,10309582647.0,,10.29524302482605
64000,list,bubble,int,4,Individual,1.695150816959978,2041840537.0,404124592.0,404124592.0,46411179459.0,173561.0,78673948776.0,10325379968.0,,10.202186346054077
64000,list,bubble,int,5,Individual,1.7016871076061515,2041351003.0,403933835.0,403933835.0,46233906015.0,170244.0,78675641800.0,10286893302.0,,10.228379964828491
64000,list,bubble,int,AVG,Mean,1.699205787496949,2041721949.6,404160912.0,404160912.0,46306861600.2,174431.6,78684554315.8,10302188462.2,10.236681652069091,
64000,list,bubble,double,1,Individual,1.3809943081073877,2030384365.0,465180409.0,465180409.0,56749530956.0,188657.0,78370779238.0,12632230692.0,,12.468770980834961
64000,list,bubble,double,2,Individual,1.3812457191224403,2030369633.0,464705543.0,464705543.0,56717446451.0,171094.0,78340730110.0,12626741046.0,,12.577656507492065
64000,list,bubble,double,3,Individual,1.3960659651825915,2030836368.0,455495398.0,455495398.0,56131322230.0,169226.0,78363028546.0,12508694256.0,,12.411764144897461
64000,list,bubble,double,4,Individual,1.3814940427049796,2031031821.0,465131351.0,465131351.0,56726677181.0,169931.0,78367566588.0,12599465016.0,,12.585378885269165
64000,list,bubble,double,5,Individual,1.3864731975431948,2030522724.0,463427572.0,463427572.0,56511399944.0,171346.0,78351541378.0,12610469968.0,,12.293187618255615
64000,list,bubble,double,AVG,Mean,1.3852546465321187,2030628982.2,462788054.6,462788054.6,56567275352.4,174050.8,78358729172.0,12595520195.6,12.467351627349853,
64000,list,merge,int,1,Individual,2.0253899081934246,1627128.0,869098.0,869098.0,84938905.0,2485.0,172034401.0,21880273.0,,0.02213907241821289
64000,list,merge,int,2,Individual,1.9728071294793863,2039464.0,877185.0,877185.0,84345233.0,3742.0,166396877.0,21957948.0,,0.021706819534301758
64000,list,merge,int,3,Individual,1.8894087330577376,1738573.0,890766.0,890766.0,87779083.0,3397.0,165850566.0,22027569.0,,0.022783517837524414
64000,list,merge,int,4,Individual,1.9822232325780444,1806197.0,861930.0,861930.0,84823802.0,2848.0,168139711.0,21501602.0,,0.022320985794067383
64000,list,merge,int,5,Individual,2.0414721128679165,1741630.0,851899.0,851899.0,84539170.0,3756.0,172584358.0,22422991.0,,0.022229909896850586
64000,list,merge,int,AVG,Mean,1.982260223235302,1790598.4,870175.6,870175.6,85285238.6,3245.6,169001182.6,21958076.6,0.022236061096191407,
64000,list,merge,double,1,Individual,2.1051003818627363,1661799.0,922249.0,922249.0,110229923.0,3467.0,232045053.0,26502891.0,,0.029232263565063477
64000,list,merge,double,2,Individual,2.214100664122457,1604482.0,930888.0,930888.0,109364168.0,3082.0,242143277.0,27668828.0,,0.028253555297851562
64000,list,merge,double,3,Individual,2.1041595097973618,1666605.0,894601.0,894601.0,110281577.0,3002.0,232050029.0,26482904.0,,0.028645992279052734
64000,list,merge,double,4,Individual,2.2771230146809986,1759279.0,970952.0,970952.0,105596632.0,4636.0,240456521.0,28219772.0,,0.027899503707885742
64000,list,merge,double,5,Individual,2.213871082743338,1684194.0,933791.0,933791.0,105594785.0,4149.0,233773241.0,28439914.0,,0.027622461318969727
64000,list,merge,double,AVG,Mean,2.1828709306413785,1675271.8,930496.2,930496.2,108213417.0,3667.2,236093624.2,27462861.8,0.02833075523376465,
128000,array,insertion,int,1,Individual,3.760388711983993,251774337.0,155453.0,155453.0,24006060076.0,2703.0,90272117329.0,5423899190.0,,5.348983526229858
128000,array,insertion,int,2,Individual,3.7765080636281922,249850857.0,153966.0,153966.0,23900108723.0,2207.0,90258953314.0,5393947647.0,,5.329725980758667
128000,array,insertion,int,3,Individual,3.7513572317904744,251909056.0,154785.0,154785.0,24053664215.0,2443.0,90233887204.0,5427379323.0,,5.320950269699097
128000,array,insertion,int,4,Individual,3.7503452446022956,252048515.0,155291.0,155291.0,24059003949.0,3084.0,90229571050.0,5399393936.0,,5.351558208465576
128000,array,insertion,int,5,Individual,3.7622702649890134,251638117.0,154929.0,154929.0,23988536679.0,2318.0,90251358248.0,5419090373.0,,5.3279805183410645
128000,array,insertion,int,AVG,Mean,3.760173903398794,251444176.4,154884.8,154884.8,24001474728.4,2551.0,90249177429.0,5412742093.8,5.335839700698853,
128000,array,insertion,double,1,Individual,4.226847493857867,508982525.0,302353.0,302353.0,21396830648.0,4854.0,90441140001.0,4873684186.0,,4.830888509750366
128000,array,insertion,double,2,Individual,4.225988980554102,509668576.0,296738.0,296738.0,21395866923.0,3871.0,90418697846.0,4873679807.0,,4.795111417770386
128000,array,insertion,double,3,Individual,4.2201385626621715,509757943.0,294250.0,294250.0,21428562020.0,5106.0,90431500923.0,4897883958.0,,4.811446189880371
128000,array,insertion,double,4,Individual,4.237023240986082,509977753.0,294491.0,294491.0,21344994883.0,3316.0,90439239398.0,4867336540.0,,4.818121433258057
128000,array,insertion,double,5,Individual,4.243398685819881,509350729.0,301348.0,301348.0,21307263889.0,2495.0,90415215585.0,4925203902.0,,4.818663835525513
128000,array,insertion,double,AVG,Mean,4.23067939277602,509547505.2,297836.0,297836.0,21374703672.6,3928.4,90429158750.6,4887557678.6,4.8148462772369385,
128000,array,bubble,int,1,Individual,2.0870035361305894,509577447.0,2062780495.0,2062780495.0,115849388936.0,18543.0,241778084368.0,25896195009.0,,25.741572618484497
128000,array,bubble,int,2,Individual,2.085617880021622,511132184.0,2062319435.0,2062319435.0,115922049886.0,18755.0,241769099931.0,25928231232.0,,25.64510202407837
128000,array,bubble,int,3,Individual,2.0874447024367067,509822928.0,2062842011.0,2062842011.0,115840300747.0,9099.0,241810222123.0,25808231504.0,,25.65187644958496
128000,array,bubble,int,4,Individual,2.0905890328605445,511208377.0,2062580245.0,2062580245.0,115661222834.0,2523.0,241800083984.0,25837730564.0,,25.659544229507446
128000,array,bubble,int,5,Individual,2.0883236787498185,509742209.0,2063304392.0,2063304392.0,115770888676.0,15321.0,241767088132.0,25773431130.0,,25.533563137054443
128000,array,bubble,int,AVG,Mean,2.0877957660398563,510296629.0,2062765315.6,2062765315.6,115808770215.8,12848.2,241784915707.6,25848763887.8,25.646331691741942,
128000,array,bubble,double,1,Individual,1.5756533467754656,1026441372.0,2111183800.0,2111183800.0,153587496783.0,10451.0,242000653329.0,34185787720.0,,33.975733518600464
128000,array,bubble,double,2,Individual,1.5748544494514989,1026561625.0,2111236655.0,2111236655.0,153661117085.0,9709.0,241993893949.0,34285121573.0,,33.85027742385864
128000,array,bubble,double,3,Individual,1.5744862829286546,1025134688.0,2110936771.0,2110936771.0,153679839407.0,23264.0,241966799109.0,34582905850.0,,33.87730550765991
128000,array,bubble,double,4,Individual,1.5739234800212372,1025208862.0,2110994962.0,2110994962.0,153740759475.0,12581.0,241976191174.0,34496479311.0,,34.209949254989624
128000,array,bubble,double,5,Individual,1.5762094154863597,1024481629.0,2110377243.0,2110377243.0,153514214134.0,11333.0,241970549729.0,34244008492.0,,33.89028477668762
128000,array,bubble,double,AVG,Mean,1.5750253949326434,1025565635.2,2110945886.2,2110945886.2,153636685376.8,13467.6,241981617458.0,34358860589.2,33.96071009635925,
128000,array,merge,int,1,Individual,2.418521331137969,189728.0,1055951.0,1055951.0,97150771.0,768.0,234961212.0,23411214.0,,0.023866891860961914
128000,array,merge,int,2,Individual,2.511966595735233,189508.0,1054369.0,1054369.0,95055647.0,837.0,238776610.0,23595149.0,,0.022513628005981445
128000,array,merge,int,3,Individual,2.4706818038425853,188122.0,1062378.0,1062378.0,96556452.0,889.0,238560269.0,23140816.0,,0.024639606475830078
128000,array,merge,int,4,Individual,2.5001805760980615,182932.0,1044446.0,1044446.0,95757413.0,814.0,239410824.0,23138933.0,,0.02361607551574707
128000,array,merge,int,5,Individual,2.5137676732199687,216280.0,1080552.0,1080552.0,93649884.0,756.0,235414051.0,22549768.0,,0.02466106414794922
128000,array,merge,int,AVG,Mean,2.4830235960067633,193314.0,1059539.2,1059539.2,95634033.4,812.8,237424593.2,23167176.0,0.023859453201293946,
128000,array,merge,double,1,Individual,2.5119851313969384,445207.0,1231244.0,1231244.0,146707528.0,2075.0,368527129.0,35501577.0,,0.03566336631774902
128000,array,merge,double,2,Individual,2.5635615359352113,446628.0,1224578.0,1224578.0,145626429.0,1465.0,373322312.0,35171658.0,,0.036704301834106445
128000,array,merge,double,3,Individual,2.589798698382683,456873.0,1230294.0,1230294.0,143666804.0,1686.0,372068102.0,34953429.0,,0.03446054458618164
128000,array,merge,double,4,Individual,2.58600178704886,441456.0,1228057.0,1228057.0,144250113.0,1456.0,373031050.0,34905167.0,,0.03510427474975586
128000,array,merge,double,5,Individual,2.46312280755609,452263.0,1262228.0,1262228.0,147049657.0,1965.0,362201364.0,36303261.0,,0.035498857498168945
128000,array,merge,double,AVG,Mean,2.5428939920639566,448485.4,1235280.2,1235280.2,145460106.2,1729.4,369829991.4,35367018.4,0.035486268997192386,
128000,list,insertion,int,1,Individual,0.297009819620231,4063298892.0,201363.0,201363.0,193435782374.0,15412.0,57452326831.0,41806943779.0,,41.35836052894592
128000,list,insertion,int,2,Individual,0.2983183365632339,4063861751.0,202037.0,202037.0,192682445676.0,18447.0,57480706679.0,41510675839.0,,41.22375464439392
128000,list,insertion,int,3,Individual,0.29800758381381,4063500397.0,200760.0,200760.0,192859278279.0,13799.0,57473527536.0,41451644835.0,,41.18070363998413
128000,list,insertion,int,4,Individual,0.298400964946227,4063313815.0,202075.0,202075.0,192596865199.0,35297.0,57471090421.0,41388017450.0,,41.68187880516052
128000,list,insertion,int,5,Individual,0.2953678200575929,4063157384.0,203303.0,203303.0,194569197744.0,81168.0,57469479788.0,42433829705.0,,41.210103273391724
128000,list,insertion,int,AVG,Mean,0.29742090500021895,4063426447.8,201907.6,201907.6,193228713854.4,32824.6,57469426251.0,41718222321.6,41.33096017837524,
128000,list,insertion,double,1,Individual,0.2972953985934798,4064101298.0,350216.0,350216.0,193644722042.0,16542.0,57569684825.0,41714230225.0,,41.1682813167572
128000,list,insertion,double,2,Individual,0.29701459136778663,4064345214.0,353931.0,353931.0,193796955183.0,15255.0,57560523452.0,41757025372.0,,41.213019371032715
128000,list,insertion,double,3,Individual,0.2982750040067647,4065214379.0,352454.0,352454.0,192998555768.0,17618.0,57566644995.0,41502337428.0,,41.25886607170105
128000,list,insertion,double,4,Individual,0.29328184824908077,4062067749.0,349759.0,349759.0,196316639665.0,71796.0,57576106923.0,42965578528.0,,41.65256881713867
128000,list,insertion,double,5,Individual,0.28600365002552225,4065646547.0,357239.0,357239.0,201243870083.0,194886.0,57556481389.0,44179698452.0,,43.1807074546814
128000,list,insertion,double,AVG,Mean,0.29437409844852686,4064275037.4,352719.8,352719.8,195600148548.2,63219.4,57565888316.8,42423774001.0,41.694688606262204,
128000,list,bubble,int,1,Individual,1.597201036605725,8143727372.0,2000238451.0,2000238451.0,196454764119.0,581202.0,313777752897.0,43899611240.0,,43.58775997161865
128000,list,bubble,int,2,Individual,1.5911027016215744,8142731471.0,2011154529.0,2011154529.0,197224221979.0,523636.0,313803992416.0,43923010789.0,,43.997408628463745
128000,list,bubble,int,3,Individual,1.5749637156337946,8142240663.0,2082614917.0,2082614917.0,199232804814.0,381096.0,313784438546.0,44209016704.0,,43.44883465766907
128000,list,bubble,int,4,Individual,1.5964307999319534,8143648473.0,2014705067.0,2014705067.0,196561695681.0,1728955.0,313797145072.0,43746178955.0,,43.5145788192749
128000,list,bubble,int,5,Individual,1.601935547376237,8142803442.0,2001295497.0,2001295497.0,195875623224.0,398040.0,313780123707.0,43508312035.0,,44.273330211639404
128000,list,bubble,int,AVG,Mean,1.5923267602338567,8143030284.2,2022001692.2,2022001692.2,197069821963.4,722585.8,313788690527.6,43857225944.6,43.764382457733156,
128000,list,bubble,double,1,Individual,1.28769577234241,8167543284.0,2122953529.0,2122953529.0,244389449812.0,2036995.0,314699261328.0,55768042832.0,,55.40559267997742
128000,list,bubble,double,2,Individual,1.2903738869345471,8170321369.0,2124894151.0,2124894151.0,243892969222.0,2054894.0,314713118691.0,55671379994.0,,55.164878845214844
128000,list,bubble,double,3,Individual,1.289340977087416,8168209307.0,2123231838.0,2123231838.0,244069808953.0,1902144.0,314689205953.0,55666485882.0,,55.29013204574585
128000,list,bubble,double,4,Individual,1.2894650129918364,8167414840.0,2123431334.0,2123431334.0,244125415827.0,1701403.0,314791182491.0,55703291659.0,,55.166845083236694
128000,list,bubble,double,5,Individual,1.2932386355132137,8169299077.0,2120488837.0,2120488837.0,243329397138.0,2240813.0,314682977535.0,55593971773.0,,55.28976821899414
128000,list,bubble,double,AVG,Mean,1.2900228569738847,8168557575.4,2122999937.8,2122999937.8,243961408190.4,1987249.8,314715149199.6,55680634428.0,55.26344337463379,
128000,list,merge,int,1,Individual,1.7754715454621695,3556772.0,1830964.0,1830964.0,193387186.0,6202.0,343353446.0,48523797.0,,0.052297115325927734
128000,list,merge,int,2,Individual,1.8599937168526566,3628860.0,1790309.0,1790309.0,192451320.0,6522.0,357958246.0,47909695.0,,0.04854083061218262
128000,list,merge,int,3,Individual,1.794141636841174,4194031.0,1851345.0,1851345.0,195611465.0,7742.0,350954674.0,49433714.0,,0.0502016544342041
128000,list,merge,int,4,Individual,1.776521249833967,3643935.0,1843973.0,1843973.0,192763012.0,7938.0,342447587.0,48579493.0,,0.04958820343017578
128000,list,merge,int,5,Individual,1.78914430302457,3589372.0,1877875.0,1877875.0,198103540.0,7353.0,354435820.0,50044098.0,,0.0511624813079834
128000,list,merge,int,AVG,Mean,1.799054490402907,3722594.0,1838893.2,1838893.2,194463304.6,7151.4,349829954.6,48898159.4,0.05035805702209473,
128000,list,merge,double,1,Individual,1.9966867085843036,4029536.0,2057009.0,2057009.0,243646845.0,6315.0,486486417.0,60149047.0,,0.0620880126953125
128000,list,merge,double,2,Individual,1.9799192733377922,3843359.0,1939163.0,1939163.0,242948977.0,12256.0,481019362.0,62913882.0,,0.06624317169189453
128000,list,merge,double,3,Individual,1.975774142930257,3692708.0,1982172.0,1982172.0,245641299.0,8225.0,485331727.0,61734040.0,,0.05968880653381348
128000,list,merge,double,4,Individual,2.030377633178998,3951321.0,2019402.0,2019402.0,241165859.0,7481.0,489657766.0,59142159.0,,0.06107378005981445
128000,list,merge,double,5,Individual,2.0373172179089543,3959733.0,1986834.0,1986834.0,237559242.0,9740.0,483983534.0,60265485.0,,0.06464982032775879
128000,list,merge,double,AVG,Mean,2.004014995188061,3895331.4,1996916.0,1996916.0,242192444.4,8803.4,485295761.2,60840922.6,0.06274871826171875,
256000,array,insertion,int,1,Individual,3.7091126261168013,1022842856.0,333219.0,333219.0,97496251499.0,107078.0,361624577434.0,22527798052.0,,22.344854593276978
256000,array,insertion,int,2,Individual,3.700392847502155,1024680207.0,328688.0,328688.0,97709672556.0,68498.0,361564173458.0,22494744508.0,,22.303264141082764
256000,array,insertion,int,3,Individual,3.713661501541502,1021386823.0,333869.0,333869.0,97371822106.0,113204.0,361605987090.0,22860098015.0,,22.739806175231934
256000,array,insertion,int,4,Individual,3.7052523160727433,1021201394.0,327749.0,327749.0,97583207789.0,70666.0,361570406670.0,22548062255.0,,22.28567409515381
256000,array,insertion,int,5,Individual,3.7036581787365845,1022133640.0,331694.0,331694.0,97616440834.0,91769.0,361537929474.0,22775428690.0,,22.389507293701172
256000,array,insertion,int,AVG,Mean,3.706415493993957,1022448984.0,331043.8,331043.8,97555478956.8,90243.0,361580614825.2,22641226304.0,22.41262125968933,
256000,array,insertion,double,1,Individual,4.110659384002433,2043715168.0,619252.0,619252.0,87662141873.0,148157.0,360349206112.0,20745605897.0,,20.909648418426514
256000,array,insertion,double,2,Individual,4.14063801088003,2043962848.0,622838.0,622838.0,87006699913.0,245075.0,360263248861.0,20658026762.0,,20.519079208374023
256000,array,insertion,double,3,Individual,4.1083716493049565,2043494450.0,621078.0,621078.0,87690235933.0,273085.0,360264079228.0,20644503047.0,,20.513815879821777
256000,array,insertion,double,4,Individual,4.241410627964488,2044918070.0,603304.0,603304.0,84937218924.0,19978.0,360253623054.0,19549395421.0,,19.179121732711792
256000,array,insertion,double,5,Individual,4.2328258477512515,2043359276.0,612477.0,612477.0,85110681088.0,7136.0,360258690829.0,19664494332.0,,19.27497148513794
256000,array,insertion,double,AVG,Mean,4.1667811039806315,2043889962.4,615789.8,615789.8,86481395546.2,138686.2,360277769616.8,20252405091.8,20.07932734489441,
256000,array,bubble,int,1,Individual,2.0315151549035884,2051787844.0,8770646014.0,8770646014.0,476449257855.0,86714.0,967913887875.0,106941088282.0,,106.01927852630615
256000,array,bubble,int,2,Individual,2.0333360266822806,2055397344.0,8771428896.0,8771428896.0,476002153833.0,88549.0,967872328167.0,106355195955.0,,105.46805548667908
256000,array,bubble,int,3,Individual,2.03294250804361,2052545595.0,8771038911.0,8771038911.0,476113130495.0,14663.0,967910621621.0,106006300908.0,,105.01247143745422
256000,array,bubble,int,4,Individual,2.031410239106074,2052715734.0,8771128488.0,8771128488.0,476434998424.0,66386.0,967834934067.0,105794393104.0,,105.0769431591034
256000,array,bubble,int,5,Individual,2.0328627884853256,2047307887.0,8774108855.0,8774108855.0,476168129950.0,94203.0,967984472438.0,105945516104.0,,105.04156970977783
256000,array,bubble,int,AVG,Mean,2.0324133434441753,2051950880.8,8771670232.8,8771670232.8,476233534111.4,70103.0,967903248833.6,106208498870.6,105.32366366386414,
256000,array,bubble,double,1,Individual,1.5347536717349495,4107189862.0,8843085001.0,8843085001.0,629628202018.0,52441.0,966324194875.0,139976026624.0,,138.7944519519806
256000,array,bubble,double,2,Individual,1.5333513592299943,4102449694.0,8848174601.0,8848174601.0,630229601350.0,34298.0,966363415857.0,139162052235.0,,138.4636995792389
256000,array,bubble,double,3,Individual,1.533918857205364,4102505375.0,8842248300.0,8842248300.0,629988413602.0,524825.0,966351107445.0,142763261036.0,,141.0864496231079
256000,array,bubble,double,4,Individual,1.5351553674811602,4105429417.0,8845494324.0,8845494324.0,629554694809.0,181688.0,966464268859.0,141432844276.0,,141.0002076625824
256000,array,bubble,double,5,Individual,1.5337870187179798,4106973895.0,8840840774.0,8840840774.0,630022803334.0,347851.0,966320797250.0,142679083100.0,,142.07856011390686
256000,array,bubble,double,AVG,Mean,1.5341932548738897,4104909648.6,8843968600.0,8843968600.0,629884743022.6,228220.6,966364756857.2,141202653454.2,140.28467378616332,
256000,array,merge,int,1,Individual,2.4352658235193774,494187.0,2278832.0,2278832.0,196792030.0,1349.0,479240905.0,46362334.0,,0.046061038970947266
256000,array,merge,int,2,Individual,2.373472608783301,456379.0,2286192.0,2286192.0,199039625.0,1659.0,472415098.0,47962155.0,,0.04706740379333496
256000,array,merge,int,3,Individual,2.331951458065058,552804.0,2361686.0,2361686.0,204071964.0,2421.0,475885914.0,50618376.0,,0.05084991455078125
256000,array,merge,int,4,Individual,2.3841699741440885,489139.0,2366789.0,2366789.0,196796002.0,2129.0,469195119.0,50560957.0,,0.0463871955871582
256000,array,merge,int,5,Individual,2.3854018801107717,687207.0,2228780.0,2228780.0,200402341.0,2007.0,478040121.0,47106188.0,,0.047066688537597656
256000,array,merge,int,AVG,Mean,2.3820523489245193,535943.2,2304455.8,2304455.8,199420392.4,1913.0,474955431.4,48522002.0,0.04748644828796387,
256000,array,merge,double,1,Individual,2.527743651389852,1146230.0,2593433.0,2593433.0,297944740.0,3530.0,753127925.0,70625976.0,,0.07151174545288086
256000,array,merge,double,2,Individual,2.447498300971788,1105871.0,2557789.0,2557789.0,301631248.0,3273.0,738241967.0,71783266.0,,0.07008075714111328
256000,array,merge,double,3,Individual,2.5790092404160765,1148094.0,2579118.0,2579118.0,295264951.0,2771.0,761491037.0,70550064.0,,0.07222509384155273
256000,array,merge,double,4,Individual,2.5323094102089994,990423.0,2556946.0,2556946.0,296633858.0,3960.0,751168710.0,71446274.0,,0.07300257682800293
256000,array,merge,double,5,Individual,2.5625835033028017,1056040.0,2567167.0,2567167.0,298416340.0,3712.0,764716790.0,73313956.0,,0.07175445556640625
256000,array,merge,double,AVG,Mean,2.5298288212579036,1089331.6,2570890.6,2570890.6,297978227.4,3449.2,753749285.8,71543907.2,0.07171492576599121,
256000,list,insertion,int,1,Individual,0.20633609792051968,16285944630.0,616937.0,616937.0,1110074441309.0,34932426.0,229048428621.0,246237364821.0,,226.14961409568787
256000,list,insertion,int,2,Individual,0.21052672152515228,16286063163.0,611423.0,611423.0,1088061234035.0,10881043.0,229065964420.0,241406769313.0,,226.83184599876404
256000,list,insertion,int,3,Individual,0.19793559506195504,16285641308.0,634718.0,634718.0,1157287366723.0,56227435.0,229068363590.0,257867471436.0,,235.94683980941772
256000,list,insertion,int,4,Individual,0.24805196937765045,16281892328.0,557341.0,557341.0,923552351980.0,15971720.0,229088979732.0,202996595298.0,,204.65748763084412
256000,list,insertion,int,5,Individual,0.26766807089394357,16284511862.0,525443.0,525443.0,855766830474.0,11114531.0,229061456648.0,185582015691.0,,203.62701225280762
256000,list,insertion,int,AVG,Mean,0.2261036909558442,16284810658.2,589172.4,589172.4,1026948444904.2,25825431.0,229066638602.2,226818043311.8,219.44255995750427,
256000,list,insertion,double,1,Individual,0.2667500979621602,16361062413.0,811939.0,811939.0,863554188395.0,8426672.0,230353164350.0,187265068738.0,,179.52762413024902
256000,list,insertion,double,2,Individual,0.26611515061674734,16359711206.0,816675.0,816675.0,865678173107.0,17149480.0,230370077422.0,186866761303.0,,184.5432095527649
256000,list,insertion,double,3,Individual,0.23955017773718967,16359120110.0,853237.0,853237.0,961645809208.0,24837204.0,230362424516.0,210042556215.0,,223.43209648132324
256000,list,insertion,double,4,Individual,0.23702189525084713,16365839368.0,851652.0,851652.0,971908733386.0,20047610.0,230363649998.0,214332562088.0,,214.16153812408447
256000,list,insertion,double,5,Individual,0.2450043824669341,16367708901.0,838877.0,838877.0,939930241791.0,30318277.0,230287028452.0,207028112389.0,,230.81013870239258
256000,list,insertion,double,AVG,Mean,0.2508883408067757,16362688399.6,834476.0,834476.0,920543429177.4,20155848.6,230347268947.6,201107012146.6,206.49492139816283,
256000,list,bubble,int,1,Individual,1.5353860923728286,32663169809.0,8641343214.0,8641343214.0,819406293142.0,84546859.0,1258105026493.0,184754343173.0,,187.13357996940613
256000,list,bubble,int,2,Individual,1.528254519874032,32659635313.0,8644549688.0,8644549688.0,823352806302.0,5630844.0,1258292647682.0,187359250414.0,,188.29643845558167
256000,list,bubble,int,3,Individual,1.3176503751106277,32654251457.0,8643833138.0,8643833138.0,954969962171.0,144518365.0,1258316528874.0,224105492298.0,,222.30212545394897
256000,list,bubble,int,4,Individual,1.31986342376533,32667383478.0,8646506771.0,8646506771.0,953060343144.0,133028882.0,1257909487557.0,222544530220.0,,220.79266905784607
256000,list,bubble,int,5,Individual,1.3257365292169994,32663590953.0,8641946253.0,8641946253.0,949011188073.0,127959856.0,1258138798664.0,221481046843.0,,217.7493040561676
256000,list,bubble,int,AVG,Mean,1.4053781880679634,32661606202.0,8643635812.8,8643635812.8,899960118566.4,99136961.2,1258152497854.0,208048932589.6,207.25482339859008,
256000,list,bubble,double,1,Individual,1.1251796729641146,32750817202.0,8841377060.0,8841377060.0,1120298921944.0,134310784.0,1260537574615.0,260751130241.0,,257.03964018821716
256000,list,bubble,double,2,Individual,1.1263120723649611,32757967506.0,8830655112.0,8830655112.0,1118857532712.0,132153815.0,1260182746350.0,260319914458.0,,256.45573902130127
256000,list,bubble,double,3,Individual,1.1316499238939468,32751013628.0,8841502203.0,8841502203.0,1113955909235.0,146911385.0,1260608119907.0,259951052663.0,,253.73458743095398
256000,list,bubble,double,4,Individual,1.1275515356178278,32756948613.0,8836119516.0,8836119516.0,1117597742885.0,142936819.0,1260149051193.0,260941263408.0,,259.6768229007721
256000,list,bubble,double,5,Individual,1.1297209849646102,32754192699.0,8839439989.0,8839439989.0,1115734662202.0,138069271.0,1260468861542.0,259909181324.0,,255.5728998184204
256000,list,bubble,double,AVG,Mean,1.128082837961092,32754187929.6,8837818776.0,8837818776.0,1117288953795.6,138876414.8,1260389270721.4,260374508418.8,256.495937871933,
256000,list,merge,int,1,Individual,1.117778077394068,8758979.0,4174809.0,4174809.0,631392757.0,120795.0,705756982.0,166836418.0,,0.1292579174041748
256000,list,merge,int,2,Individual,1.2458509959977058,8774909.0,3954846.0,3954846.0,570866827.0,87130.0,711215005.0,144914981.0,,0.12306928634643555
256000,list,merge,int,3,Individual,1.5041733702447067,8897876.0,3889969.0,3889969.0,476566392.0,72330.0,716838476.0,122428855.0,,0.13319969177246094
256000,list,merge,int,4,Individual,1.5880345196076866,9131187.0,4005466.0,4005466.0,451774891.0,52184.0,717434122.0,112364252.0,,0.11060905456542969
256000,list,merge,int,5,Individual,1.4869146363317012,8995621.0,3897818.0,3897818.0,483662064.0,68131.0,719164202.0,121681883.0,,0.12094545364379883
256000,list,merge,int,AVG,Mean,1.3885503199151734,8911714.4,3984581.6,3984581.6,522852586.2,80114.0,714081757.4,133645277.8,0.12341628074645997,
256000,list,merge,double,1,Individual,1.8203824620589037,8619998.0,4184174.0,4184174.0,539863485.0,63914.0,982758020.0,134841078.0,,0.14479970932006836
256000,list,merge,double,2,Individual,1.8427206195376034,8971559.0,4356252.0,4356252.0,532680112.0,42745.0,981580626.0,130935164.0,,0.1411893367767334
256000,list,merge,double,3,Individual,1.7098323913455515,8881216.0,4218044.0,4218044.0,585794930.0,52472.0,1001611146.0,142824390.0,,0.14221644401550293
256000,list,merge,double,4,Individual,1.7405593917386009,8932059.0,4426310.0,4426310.0,565189112.0,46225.0,983745217.0,138449204.0,,0.1389179229736328
256000,list,merge,double,5,Individual,1.8129384045036137,8608550.0,4306314.0,4306314.0,552774602.0,47158.0,1002146305.0,135611624.0,,0.13849687576293945
256000,list,merge,double,AVG,Mean,1.7852866538368546,8802676.4,4298218.8,4298218.8,555260448.2,50502.8,990368262.8,136532292.0,0.14112405776977538,
